"0","www.gnu.org"
"02110","www.gnu.org"
"080411","www.gnu.org"
"1","www.opensource.org","www.gnu.org","turbine.apache.org","www.xfree86.org","www.apache.org","www.freebsd.org"
"10","www.gnu.org","www.opensource.org","turbine.apache.org"
"11","www.opensource.org","www.gnu.org","www.xfree86.org"
"110","www.opensource.org"
"111","www.opensource.org"
"112","www.opensource.org"
"113","www.opensource.org"
"12","www.gnu.org","www.opensource.org"
"12212","www.opensource.org"
"13","www.gnu.org","www.opensource.org"
"14","www.opensource.org","www.gnu.org"
"15","www.gnu.org","www.opensource.org"
"16","www.opensource.org","www.gnu.org"
"17","www.gnu.org","www.opensource.org"
"1703","www.opensource.org"
"18","www.opensource.org"
"19","www.opensource.org"
"191214z","www.freebsd.org"
"19922012","www.freebsd.org"
"19942006","www.xfree86.org"
"1995","www.opensource.org"
"19952012","www.freebsd.org"
"1996","www.gnu.org"
"1 for","www.opensource.org"
"1 modifications","www.opensource.org"
"2","www.gnu.org","www.opensource.org","www.xfree86.org","www.apache.org","www.freebsd.org"
"20","www.gnu.org","www.apache.org"
"20002011","turbine.apache.org"
"2004","www.apache.org"
"2007","www.gnu.org"
"20090427","www.opensource.org"
"2011","turbine.apache.org"
"2012","www.apache.org"
"20120517","www.freebsd.org"
"20120610","www.gnu.org"
"21","www.opensource.org"
"21b","www.opensource.org"
"22","www.opensource.org"
"22772021","www.opensource.org"
"22772024","www.opensource.org"
"22b","www.opensource.org"
"23","turbine.apache.org"
"233","turbine.apache.org"
"23x","turbine.apache.org"
"24m1","turbine.apache.org"
"25","www.opensource.org"
"28","www.gnu.org"
"29","www.gnu.org"
"2 for","www.opensource.org"
"2 the","www.opensource.org"
"3","www.gnu.org","www.opensource.org","www.xfree86.org","www.apache.org"
"30","www.gnu.org","www.opensource.org","turbine.apache.org"
"31","www.opensource.org"
"32","www.opensource.org"
"33","www.opensource.org"
"34","www.opensource.org"
"35","www.opensource.org"
"36","www.opensource.org"
"3 under","www.opensource.org"
"4","www.gnu.org","www.opensource.org","www.xfree86.org","www.apache.org"
"40","turbine.apache.org"
"40m1","turbine.apache.org"
"41","www.opensource.org"
"42","www.opensource.org"
"43","www.opensource.org"
"48","www.opensource.org"
"48 cfr 12212","www.opensource.org"
"48 cfr 2101","www.opensource.org"
"5","www.gnu.org","www.opensource.org","www.apache.org"
"50","www.opensource.org","www.apache.org"
"51","www.gnu.org"
"6","www.opensource.org","www.gnu.org","www.apache.org"
"60","www.gnu.org","www.opensource.org"
"61","www.opensource.org"
"62","www.opensource.org"
"63","www.opensource.org"
"6b","www.gnu.org"
"6d","www.gnu.org"
"7","www.opensource.org","www.gnu.org","www.apache.org"
"8","www.opensource.org","www.gnu.org","www.apache.org"
"9","www.gnu.org","www.opensource.org","www.apache.org"
"<httpfsforg>","www.gnu.org"
"<httpwwwgnuorglicenses>","www.gnu.org"
"<httpwwwgnuorgphilosophywhynotlgplhtml>","www.gnu.org"
"<name","www.gnu.org"
"<one","www.gnu.org"
"<program>","www.gnu.org"
"<year>","www.gnu.org"
"a","www.opensource.org","www.gnu.org","turbine.apache.org","www.xfree86.org","www.apache.org","www.freebsd.org"
"abdera","www.apache.org"
"ability","www.gnu.org"
"about","www.opensource.org","www.gnu.org","turbine.apache.org","www.freebsd.org"
"above","www.opensource.org","www.gnu.org","www.xfree86.org","www.apache.org","www.freebsd.org"
"absence","www.gnu.org","www.opensource.org"
"absolute","www.gnu.org"
"absolutely","www.opensource.org","www.gnu.org"
"abuse","www.gnu.org"
"accept","www.gnu.org"
"acceptance","www.gnu.org","www.apache.org"
"accepted","www.opensource.org"
"accepting","www.apache.org"
"accepts","www.opensource.org"
"access","www.gnu.org","turbine.apache.org"
"accessibility","www.gnu.org"
"accessible","www.gnu.org"
"accompanied","www.gnu.org"
"accompanies","www.gnu.org"
"accord","www.gnu.org"
"according","www.gnu.org"
"accumulo","www.apache.org"
"ace","www.apache.org"
"achieve","www.gnu.org"
"acknowledges","www.gnu.org"
"acknowledgment","www.xfree86.org"
"acknowledgments","www.xfree86.org"
"acquire","www.opensource.org"
"acquired","www.gnu.org","www.opensource.org"
"across","www.gnu.org"
"act","www.apache.org"
"acting","www.apache.org"
"actions","www.opensource.org","www.gnu.org"
"activemq","www.apache.org"
"activities","www.gnu.org"
"activity","www.gnu.org"
"acts","www.apache.org"
"actual","www.gnu.org"
"actually","www.gnu.org"
"adapt","www.gnu.org"
"add","www.gnu.org","www.apache.org"
"added","www.gnu.org"
"addendum","www.apache.org"
"addition","www.opensource.org","turbine.apache.org"
"additional","www.gnu.org","www.opensource.org","www.apache.org"
"additions","www.apache.org"
"address","www.gnu.org"
"addressed","www.gnu.org"
"addresses","www.opensource.org"
"admin","www.opensource.org"
"administration","www.opensource.org","www.freebsd.org"
"admission","www.opensource.org"
"adopted","www.gnu.org"
"advanced","turbine.apache.org"
"advantages","turbine.apache.org"
"adversely","www.gnu.org"
"advertising","www.xfree86.org"
"advised","www.gnu.org","www.xfree86.org","www.apache.org","www.freebsd.org"
"advocacy","www.freebsd.org"
"affairs","www.apache.org"
"affects","www.gnu.org"
"affero","www.gnu.org"
"affiliate","www.opensource.org"
"affirmed","www.gnu.org"
"affirms","www.gnu.org"
"after","www.gnu.org"
"against","www.opensource.org","www.gnu.org","www.apache.org"
"aggregate","www.gnu.org"
"agree","www.opensource.org","www.gnu.org","www.apache.org"
"agreed","www.gnu.org","www.apache.org"
"agreement","www.opensource.org","www.gnu.org","www.apache.org"
"aim","www.gnu.org"
"all","www.opensource.org","www.gnu.org","turbine.apache.org","www.xfree86.org","www.apache.org","www.freebsd.org"
"alleging","www.opensource.org","www.gnu.org","www.apache.org"
"allow","www.gnu.org","www.opensource.org"
"allowed","www.gnu.org"
"allows","www.opensource.org","turbine.apache.org"
"alone","www.opensource.org","www.apache.org"
"along","www.gnu.org","www.apache.org"
"alongside","www.apache.org"
"already","www.gnu.org","turbine.apache.org"
"also","www.opensource.org","www.gnu.org","www.apache.org"
"alter","www.opensource.org"
"alternately","www.xfree86.org"
"alternative","www.gnu.org"
"alters","www.opensource.org"
"although","www.gnu.org"
"alumni","turbine.apache.org"
"always","www.opensource.org"
"among","www.gnu.org"
"an","www.opensource.org","www.gnu.org","turbine.apache.org","www.apache.org"
"ancillary","www.gnu.org"
"and","www.opensource.org","www.gnu.org","turbine.apache.org","www.xfree86.org","www.apache.org","www.freebsd.org"
"andor","www.opensource.org","www.gnu.org","www.xfree86.org","www.apache.org","www.freebsd.org"
"annotations","www.apache.org"
"ant","www.apache.org"
"anticircumvention","www.gnu.org"
"any","www.opensource.org","www.gnu.org","turbine.apache.org","www.xfree86.org","www.apache.org","www.freebsd.org"
"anyone","www.gnu.org"
"anything","www.gnu.org"
"apache","turbine.apache.org","www.apache.org"
"apparatus","www.opensource.org"
"appear","www.xfree86.org","www.apache.org"
"appendix","www.apache.org"
"applicable","www.gnu.org","www.opensource.org","www.apache.org"
"application","www.opensource.org","turbine.apache.org"
"applications","www.gnu.org","turbine.apache.org","www.freebsd.org"
"applied","www.gnu.org"
"applies","www.gnu.org","www.apache.org"
"apply","www.opensource.org","www.gnu.org","www.apache.org"
"appropriate","www.gnu.org","www.apache.org"
"appropriately","www.gnu.org"
"appropriateness","www.apache.org"
"approximates","www.gnu.org"
"apps","turbine.apache.org"
"apr","www.apache.org"
"architecture","turbine.apache.org"
"archiva","www.apache.org"
"archives","www.apache.org"
"are","www.gnu.org","www.opensource.org","turbine.apache.org","www.xfree86.org","www.apache.org","www.freebsd.org"
"area","www.gnu.org"
"aries","www.apache.org"
"arise","www.gnu.org"
"arising","www.opensource.org","www.gnu.org","www.xfree86.org","www.apache.org","www.freebsd.org"
"around","turbine.apache.org"
"arrange","www.gnu.org"
"arrangement","www.gnu.org"
"article","www.gnu.org"
"artwork","www.freebsd.org"
"as","www.opensource.org","www.gnu.org","turbine.apache.org","www.xfree86.org","www.apache.org","www.freebsd.org"
"asf","turbine.apache.org"
"asked","www.gnu.org","turbine.apache.org"
"asking","www.gnu.org"
"assert","www.opensource.org","www.gnu.org"
"asserted","www.apache.org"
"assets","www.gnu.org"
"assistance","www.apache.org"
"associate","www.gnu.org"
"associated","www.opensource.org","www.gnu.org","www.xfree86.org","www.apache.org"
"assume","www.opensource.org","www.gnu.org","www.apache.org"
"assumption","www.gnu.org"
"assumptions","www.gnu.org"
"assures","www.gnu.org"
"at","www.opensource.org","www.gnu.org","turbine.apache.org","www.xfree86.org","www.apache.org"
"attach","www.gnu.org","www.apache.org"
"attached","www.apache.org"
"attempt","www.gnu.org","www.opensource.org"
"attic","www.apache.org"
"attorneys","www.opensource.org"
"attributed","www.gnu.org"
"attribution","www.opensource.org","www.apache.org"
"attributions","www.gnu.org"
"author","www.gnu.org"
"author>","www.gnu.org"
"authorization","www.gnu.org","www.xfree86.org"
"authorized","www.opensource.org","www.gnu.org","www.apache.org"
"authorizes","www.gnu.org"
"authorizing","www.gnu.org"
"authors","www.gnu.org","www.freebsd.org"
"authorship","www.apache.org"
"automatic","www.gnu.org"
"automatically","www.opensource.org","www.gnu.org"
"availability","www.opensource.org"
"available","www.gnu.org","www.opensource.org","www.apache.org"
"avalon","turbine.apache.org"
"avalonbased","turbine.apache.org"
"avoid","www.gnu.org"
"avro","www.apache.org"
"aware","www.opensource.org"
"away","www.gnu.org"
"axis","www.apache.org"
"a rename","www.opensource.org"
"a the","www.opensource.org"
"b","www.gnu.org","www.opensource.org"
"back","www.gnu.org","turbine.apache.org"
"base","turbine.apache.org"
"based","www.gnu.org","turbine.apache.org","www.apache.org"
"basic","www.gnu.org"
"basis","www.opensource.org","www.apache.org"
"be","www.opensource.org","www.gnu.org","turbine.apache.org","www.xfree86.org","www.apache.org","www.freebsd.org"
"because","www.opensource.org","www.gnu.org"
"becoming","www.opensource.org"
"been","www.gnu.org","www.opensource.org","turbine.apache.org","www.apache.org"
"behalf","www.opensource.org","www.gnu.org","www.apache.org"
"being","www.gnu.org","www.opensource.org"
"believe","www.opensource.org","www.gnu.org"
"below","www.gnu.org","www.opensource.org","www.xfree86.org","www.apache.org"
"beneficial","www.opensource.org","www.apache.org"
"benefit","www.gnu.org"
"benefits","turbine.apache.org"
"best","www.gnu.org"
"bestofbreed","turbine.apache.org"
"between","www.opensource.org","www.gnu.org"
"beyond","www.gnu.org","www.opensource.org"
"binary","www.xfree86.org","www.freebsd.org"
"bind","www.apache.org"
"blogs","www.apache.org"
"board","www.opensource.org","turbine.apache.org"
"body","www.gnu.org"
"boilerplate","www.apache.org"
"boston","www.gnu.org"
"both","www.gnu.org","turbine.apache.org"
"box","www.gnu.org"
"brackets","www.apache.org"
"branch","turbine.apache.org"
"breach","www.opensource.org"
"break","www.opensource.org"
"breaks","www.opensource.org"
"brief","www.gnu.org"
"broken","www.gnu.org"
"bug","www.freebsd.org"
"bugreport","www.freebsd.org"
"build","turbine.apache.org"
"buildr","www.apache.org"
"business","www.gnu.org","www.xfree86.org","www.freebsd.org"
"but","www.gnu.org","turbine.apache.org","www.xfree86.org","www.apache.org","www.freebsd.org"
"buy","www.apache.org"
"buying","www.gnu.org"
"bval","www.apache.org"
"by","www.opensource.org","www.gnu.org","turbine.apache.org","www.xfree86.org","www.apache.org","www.freebsd.org"
"b otherwise","www.opensource.org"
"b ownership","www.opensource.org"
"c","www.gnu.org","www.opensource.org","www.xfree86.org"
"called","www.gnu.org"
"camel","www.apache.org"
"can","www.opensource.org","www.gnu.org","turbine.apache.org","www.xfree86.org"
"cannot","www.gnu.org","www.apache.org"
"capitalized","www.opensource.org"
"carry","www.gnu.org","www.apache.org"
"case","www.gnu.org","www.opensource.org"
"cases","www.gnu.org"
"cassandra","www.apache.org"
"català ca","www.gnu.org"
"cause","www.opensource.org","www.gnu.org","www.apache.org"
"caused","www.opensource.org","www.xfree86.org","www.freebsd.org"
"cayenne","www.apache.org"
"cddl10","www.opensource.org"
"cease","www.gnu.org"
"certain","www.gnu.org"
"cessation","www.gnu.org"
"cfr","www.opensource.org"
"change","www.gnu.org","turbine.apache.org"
"changed","www.gnu.org","www.apache.org"
"changes","www.opensource.org"
"changing","www.gnu.org","www.opensource.org"
"character","www.opensource.org","www.apache.org"
"characterized","www.gnu.org"
"charge","www.opensource.org","www.gnu.org","www.xfree86.org","www.apache.org"
"chemistry","www.apache.org"
"choice","www.opensource.org","turbine.apache.org"
"choose","www.gnu.org","www.opensource.org","www.apache.org"
"choosing","www.gnu.org"
"circumstances","www.opensource.org","www.gnu.org"
"circumvention","www.gnu.org"
"civil","www.gnu.org"
"claim","www.opensource.org","www.gnu.org"
"claims","www.gnu.org","www.opensource.org","www.apache.org"
"clarify","www.opensource.org"
"class","www.gnu.org","www.apache.org"
"classifications","www.xfree86.org"
"clause","www.opensource.org"
"clear","www.gnu.org","www.opensource.org"
"clearly","www.gnu.org"
"click","www.apache.org"
"closed","turbine.apache.org"
"closely","www.gnu.org"
"cocoon","www.apache.org"
"code","www.gnu.org","www.opensource.org","www.xfree86.org","www.apache.org","www.freebsd.org"
"coding","turbine.apache.org"
"collaboration","turbine.apache.org","www.apache.org"
"collaborative","turbine.apache.org"
"collect","www.gnu.org"
"collection","turbine.apache.org"
"combination","www.opensource.org","www.gnu.org","www.apache.org"
"combine","www.gnu.org"
"combined","www.gnu.org"
"combines","www.opensource.org"
"combining","www.opensource.org"
"come","turbine.apache.org"
"comes","www.gnu.org","turbine.apache.org"
"commands","www.gnu.org"
"comment","www.apache.org"
"comments","www.opensource.org"
"commercial","www.gnu.org","www.opensource.org","www.apache.org"
"commitment","www.gnu.org"
"common","www.opensource.org","www.gnu.org","www.apache.org"
"commons","www.opensource.org","turbine.apache.org","www.apache.org"
"communication","www.gnu.org","www.apache.org"
"community","turbine.apache.org","www.apache.org","www.freebsd.org"
"compilation","www.gnu.org"
"compilations","www.gnu.org"
"compiled","www.apache.org"
"compiler","www.gnu.org"
"complete","www.opensource.org"
"compliance","www.gnu.org","www.opensource.org","www.apache.org"
"complies","www.apache.org"
"comply","www.gnu.org","www.opensource.org"
"complying","www.opensource.org"
"component","www.gnu.org"
"components","turbine.apache.org"
"computer","www.opensource.org","www.gnu.org","www.apache.org"
"computers","www.gnu.org"
"concept","turbine.apache.org"
"concepts","turbine.apache.org"
"concerning","www.opensource.org","www.gnu.org"
"concerns","www.gnu.org"
"conclusions","www.freebsd.org"
"conditioned","www.gnu.org","www.opensource.org"
"conditions","www.gnu.org","www.xfree86.org","www.apache.org","www.freebsd.org"
"conferences","www.apache.org"
"configuration","turbine.apache.org","www.apache.org"
"conflictoflaw","www.opensource.org"
"connection","www.gnu.org"
"consensus","turbine.apache.org"
"consequence","www.gnu.org"
"consequential","www.opensource.org","www.gnu.org","www.xfree86.org","www.apache.org","www.freebsd.org"
"consider","www.opensource.org","www.gnu.org"
"considered","www.gnu.org"
"consistent","www.opensource.org","www.gnu.org","www.apache.org"
"consisting","www.opensource.org"
"conspicuously","www.gnu.org","www.apache.org"
"constantly","www.gnu.org"
"constitute","www.opensource.org"
"constitutes","www.gnu.org","www.opensource.org","www.apache.org"
"construed","www.opensource.org","www.gnu.org","www.apache.org"
"consumer","www.gnu.org"
"contact","www.opensource.org","www.gnu.org","turbine.apache.org","www.apache.org","www.freebsd.org"
"contain","www.gnu.org","www.opensource.org"
"contained","www.opensource.org","www.xfree86.org","www.apache.org","www.freebsd.org"
"container","turbine.apache.org"
"containing","www.gnu.org","www.opensource.org"
"contains","www.opensource.org","www.gnu.org"
"content","www.gnu.org","www.opensource.org","www.apache.org"
"contents","www.opensource.org","www.gnu.org","www.apache.org"
"context","www.gnu.org"
"continue","www.opensource.org","www.gnu.org"
"continued","www.gnu.org"
"continuum","www.apache.org"
"contract","www.opensource.org","www.xfree86.org","www.apache.org","www.freebsd.org"
"contracts","www.opensource.org"
"contractual","www.gnu.org"
"contradict","www.gnu.org"
"contrast","www.gnu.org"
"contribute","www.opensource.org"
"contributed","www.opensource.org"
"contributes","www.opensource.org"
"contribution","www.apache.org"
"contributions","www.apache.org"
"contributor","www.gnu.org","www.opensource.org","www.apache.org"
"contributors","www.opensource.org","www.gnu.org","www.xfree86.org","www.freebsd.org"
"contributory","www.apache.org"
"control","www.opensource.org","www.gnu.org","www.apache.org"
"controlled","www.gnu.org","www.opensource.org","www.apache.org"
"controls","www.opensource.org"
"convenient","www.gnu.org"
"convention","www.opensource.org"
"conversions","www.apache.org"
"convey","www.gnu.org"
"conveyance","www.gnu.org"
"conveyed","www.opensource.org","www.gnu.org"
"conveying","www.gnu.org"
"conveys","www.opensource.org","www.gnu.org"
"coordinating","www.gnu.org"
"copies","www.gnu.org","www.xfree86.org","www.apache.org"
"copy","www.opensource.org","www.gnu.org","www.xfree86.org","www.apache.org"
"copying","www.gnu.org"
"copyleft","www.gnu.org"
"copyright","www.opensource.org","www.gnu.org","www.xfree86.org","www.apache.org","www.freebsd.org"
"copyrightable","www.gnu.org"
"copyrighted","www.gnu.org"
"copyrightlike","www.gnu.org"
"core","turbine.apache.org"
"correction","www.opensource.org","www.gnu.org"
"corrections","www.gnu.org"
"corresponding","www.gnu.org"
"cost","www.opensource.org","www.gnu.org"
"costs","www.opensource.org"
"couchdb","www.apache.org"
"could","www.gnu.org"
"counterclaim","www.gnu.org","www.apache.org"
"countries","www.gnu.org","www.opensource.org"
"country","www.gnu.org"
"course","www.gnu.org"
"court","www.opensource.org","www.gnu.org"
"courts","www.gnu.org","www.opensource.org"
"covenant","www.gnu.org"
"coverage","www.gnu.org"
"covered","www.opensource.org","www.gnu.org"
"creadur","www.apache.org"
"create","www.opensource.org","turbine.apache.org"
"created","www.opensource.org"
"creates","www.opensource.org"
"creation","www.opensource.org"
"creations","www.opensource.org"
"creative","www.opensource.org"
"criterion","www.gnu.org"
"crossclaim","www.gnu.org","www.apache.org"
"cure","www.opensource.org","www.gnu.org"
"current","turbine.apache.org"
"customarily","www.gnu.org","www.opensource.org"
"customary","www.apache.org"
"customer","www.gnu.org"
"cvs","www.freebsd.org"
"cxf","www.apache.org"
"d","www.opensource.org","www.gnu.org"
"damage","www.xfree86.org","www.freebsd.org"
"damages","www.gnu.org","www.opensource.org","www.xfree86.org","www.apache.org","www.freebsd.org"
"danger","www.gnu.org"
"data","www.gnu.org","www.xfree86.org","www.freebsd.org"
"database","turbine.apache.org"
"date","www.opensource.org","www.gnu.org","www.apache.org"
"day","www.opensource.org"
"days","www.gnu.org","www.opensource.org"
"db","www.apache.org"
"deal","www.xfree86.org"
"dealings","www.xfree86.org"
"death","www.opensource.org"
"december","www.gnu.org"
"decide","www.gnu.org"
"declaratory","www.opensource.org"
"declining","www.gnu.org"
"decoupled","turbine.apache.org"
"deemed","www.opensource.org","www.gnu.org"
"defective","www.gnu.org","www.opensource.org"
"defects","www.opensource.org"
"defend","www.gnu.org","www.apache.org"
"defenses","www.gnu.org"
"define","turbine.apache.org"
"defined","www.opensource.org","www.gnu.org","turbine.apache.org","www.apache.org"
"definition","www.opensource.org","www.gnu.org","www.apache.org"
"definitions","www.gnu.org","www.opensource.org","www.apache.org"
"delete","www.opensource.org"
"deleted","www.opensource.org"
"deletion","www.opensource.org"
"deliberate","www.apache.org"
"deltacloud","www.apache.org"
"denied","www.gnu.org"
"denominated","www.gnu.org"
"deny","www.gnu.org"
"denying","www.gnu.org"
"dependency","turbine.apache.org"
"deprive","www.gnu.org"
"derivative","www.apache.org"
"derived","www.apache.org"
"describing","www.apache.org"
"description","www.apache.org"
"descriptive","www.opensource.org"
"designated","www.gnu.org","www.apache.org"
"designed","www.gnu.org"
"designers","turbine.apache.org"
"desire","turbine.apache.org"
"detail","www.gnu.org"
"details","www.gnu.org"
"determining","www.gnu.org","www.apache.org"
"deutsch de","www.gnu.org"
"develop","www.gnu.org","turbine.apache.org"
"developed","turbine.apache.org","www.xfree86.org"
"developer","www.opensource.org","turbine.apache.org"
"developers","www.gnu.org","turbine.apache.org","www.freebsd.org"
"developing","turbine.apache.org"
"development","www.opensource.org","www.gnu.org","turbine.apache.org","www.apache.org"
"devices","www.gnu.org","www.opensource.org"
"dewitt","www.opensource.org"
"dfar","www.opensource.org"
"didnt","www.opensource.org"
"differ","www.gnu.org","www.opensource.org"
"different","www.opensource.org","www.gnu.org","www.apache.org"
"differently","www.gnu.org"
"differs","www.opensource.org"
"direct","www.opensource.org","www.xfree86.org","www.apache.org","www.freebsd.org"
"direction","www.gnu.org","www.opensource.org","www.apache.org"
"directions","www.gnu.org"
"directly","www.opensource.org","www.gnu.org"
"directory","www.apache.org"
"disclaim","www.gnu.org"
"disclaimed","www.xfree86.org","www.freebsd.org"
"disclaimer","www.opensource.org","www.gnu.org","www.xfree86.org","www.apache.org","www.freebsd.org"
"disclaiming","www.gnu.org"
"discriminatory","www.gnu.org"
"discussing","www.apache.org"
"display","www.opensource.org","www.gnu.org","www.apache.org"
"displayed","www.gnu.org"
"displays","www.gnu.org"
"dispose","www.opensource.org"
"distinguishing","www.gnu.org","www.opensource.org"
"distribute","www.opensource.org","www.gnu.org","www.xfree86.org","www.apache.org"
"distributed","www.opensource.org","www.gnu.org","www.apache.org"
"distributes","www.opensource.org"
"distributing","www.gnu.org"
"distribution","www.opensource.org","www.gnu.org","www.xfree86.org","www.apache.org","www.freebsd.org"
"distributor","www.opensource.org"
"do","www.gnu.org","www.opensource.org","www.xfree86.org","www.apache.org"
"docbook","www.gnu.org"
"document","www.opensource.org","www.gnu.org","www.apache.org"
"documentation","www.opensource.org","www.gnu.org","turbine.apache.org","www.xfree86.org","www.apache.org","www.freebsd.org"
"documented","www.gnu.org"
"does","www.opensource.org","www.gnu.org","www.apache.org"
"does>","www.gnu.org"
"domains","www.gnu.org"
"donate","www.opensource.org","www.freebsd.org"
"donation","www.gnu.org"
"donations","www.apache.org","www.freebsd.org"
"dont","www.apache.org"
"doubtful","www.gnu.org"
"down","www.opensource.org"
"download","turbine.apache.org","www.apache.org"
"downloads","www.gnu.org"
"downstream","www.gnu.org"
"drafter","www.opensource.org"
"durable","www.gnu.org"
"dwelling","www.gnu.org"
"dynamically","www.gnu.org"
"e","www.gnu.org"
"each","www.opensource.org","www.gnu.org","www.apache.org"
"earlier","www.gnu.org"
"easier","www.apache.org"
"easily","turbine.apache.org"
"editorial","www.apache.org"
"education","www.gnu.org","www.opensource.org"
"effect","www.opensource.org","www.gnu.org"
"effected","www.gnu.org"
"effective","www.opensource.org","www.gnu.org"
"effectively","www.gnu.org"
"efforts","www.gnu.org"
"eg","www.gnu.org","turbine.apache.org"
"either","www.opensource.org","www.gnu.org","turbine.apache.org","www.apache.org","www.freebsd.org"
"elaborations","www.apache.org"
"electronic","www.gnu.org","www.apache.org"
"email","www.opensource.org","www.gnu.org","turbine.apache.org"
"embodied","www.gnu.org"
"empiredb","www.apache.org"
"employer","www.gnu.org"
"enable","www.gnu.org"
"enables","www.gnu.org"
"enclosed","www.apache.org"
"encouraged","turbine.apache.org"
"end","www.gnu.org","www.opensource.org","www.apache.org"
"enduser","www.xfree86.org"
"enforce","www.gnu.org"
"enforceable","www.opensource.org"
"enforcing","www.gnu.org"
"engineering","www.freebsd.org"
"english en","www.gnu.org"
"enhancements","turbine.apache.org"
"ensure","www.gnu.org"
"enter","www.gnu.org"
"entered","www.gnu.org"
"entire","www.opensource.org","www.gnu.org"
"entirely","www.gnu.org"
"entities","www.opensource.org","www.apache.org"
"entity","www.gnu.org","www.opensource.org","www.apache.org"
"environment","turbine.apache.org"
"equitable","www.opensource.org"
"equivalent","www.gnu.org"
"erroneously","www.gnu.org"
"esme","www.apache.org"
"essential","www.opensource.org","www.gnu.org"
"established","turbine.apache.org"
"even","www.gnu.org","www.opensource.org","www.xfree86.org","www.apache.org","www.freebsd.org"
"event","www.opensource.org","www.gnu.org","www.xfree86.org","www.apache.org","www.freebsd.org"
"events","www.freebsd.org"
"ever","www.gnu.org"
"every","www.opensource.org","www.gnu.org"
"everyone","www.gnu.org"
"exact","www.gnu.org"
"example","www.opensource.org","www.gnu.org","turbine.apache.org","www.apache.org"
"excellent","turbine.apache.org"
"except","www.opensource.org","www.gnu.org","www.xfree86.org","www.apache.org"
"exceptions","www.gnu.org"
"exchange","www.opensource.org"
"excluded","www.gnu.org","www.opensource.org"
"excluding","www.opensource.org","www.gnu.org","www.apache.org"
"exclusion","www.opensource.org","www.gnu.org"
"exclusively","www.gnu.org"
"excuse","www.gnu.org"
"executable","www.opensource.org","www.gnu.org"
"execute","www.gnu.org"
"executed","www.apache.org"
"executing","www.gnu.org"
"exemplary","www.xfree86.org","www.freebsd.org"
"exercise","www.opensource.org","www.gnu.org","www.apache.org"
"exercising","www.gnu.org","www.opensource.org","www.apache.org"
"exist","www.opensource.org"
"existing","turbine.apache.org"
"exmember","turbine.apache.org"
"expected","www.gnu.org"
"expects","www.gnu.org"
"expenses","www.opensource.org"
"experienced","turbine.apache.org"
"expiration","www.opensource.org"
"explains","www.gnu.org"
"explicitly","www.gnu.org","www.apache.org"
"export","www.opensource.org"
"express","www.gnu.org","www.apache.org","www.freebsd.org"
"expressed","www.gnu.org","www.opensource.org","www.xfree86.org","www.freebsd.org"
"expressly","www.opensource.org","www.gnu.org"
"extend","www.gnu.org"
"extended","www.gnu.org"
"extensions","www.gnu.org"
"extent","www.opensource.org","www.gnu.org"
"f","www.gnu.org"
"facilities","www.gnu.org"
"fail","www.opensource.org"
"fails","www.gnu.org"
"failure","www.opensource.org","www.gnu.org","www.apache.org"
"fair","www.gnu.org"
"familiar","turbine.apache.org"
"family","www.gnu.org"
"faq","www.opensource.org","turbine.apache.org","www.xfree86.org","www.apache.org","www.freebsd.org"
"far","www.opensource.org"
"fashion","www.gnu.org"
"faster","turbine.apache.org"
"favor","www.gnu.org"
"favorite","turbine.apache.org"
"feather","turbine.apache.org","www.apache.org"
"feathercast","www.apache.org"
"feature","www.gnu.org"
"features","www.freebsd.org"
"fee","www.gnu.org","www.opensource.org","www.apache.org"
"fees","www.opensource.org"
"felix","www.apache.org"
"field","turbine.apache.org"
"fields","www.apache.org"
"fifth","www.gnu.org"
"fifty","www.opensource.org","www.apache.org"
"file","www.gnu.org","www.opensource.org","turbine.apache.org","www.apache.org"
"filed","www.apache.org"
"files","www.gnu.org","www.opensource.org","www.xfree86.org","www.apache.org"
"finally","www.gnu.org"
"find","www.gnu.org"
"first","www.opensource.org","www.gnu.org"
"fit","www.opensource.org"
"fitness","www.gnu.org","www.xfree86.org","www.apache.org","www.freebsd.org"
"fixed","www.gnu.org"
"flattr","www.gnu.org"
"floor","www.gnu.org"
"flow","www.gnu.org"
"follow","www.gnu.org"
"following","www.opensource.org","www.gnu.org","www.xfree86.org","www.apache.org","www.freebsd.org"
"for","www.gnu.org","www.opensource.org","turbine.apache.org","www.xfree86.org","www.apache.org","www.freebsd.org"
"forbid","www.gnu.org"
"force","www.gnu.org"
"form","www.opensource.org","www.gnu.org","turbine.apache.org","www.xfree86.org","www.apache.org","www.freebsd.org"
"format","www.gnu.org","www.apache.org"
"formats","www.gnu.org"
"forms","www.gnu.org","www.freebsd.org"
"forrest","www.apache.org"
"forth","www.opensource.org"
"forums","www.freebsd.org"
"found","www.gnu.org","www.xfree86.org"
"foundation","www.gnu.org","turbine.apache.org","www.apache.org","www.freebsd.org"
"framework","turbine.apache.org"
"frangere","www.opensource.org"
"franklin","www.gnu.org"
"free","www.opensource.org","www.gnu.org","turbine.apache.org","www.xfree86.org"
"freebsd","www.freebsd.org"
"freedom","www.gnu.org"
"freedoms","www.gnu.org"
"free software directory","www.gnu.org"
"frequently","www.gnu.org","turbine.apache.org"
"from","www.gnu.org","www.opensource.org","turbine.apache.org","www.xfree86.org","www.apache.org"
"frustration","turbine.apache.org"
"fsf","www.gnu.org"
"fsf home page","www.gnu.org"
"fulcrum","turbine.apache.org"
"fulfilled","www.opensource.org"
"fulfilling","www.gnu.org"
"full","www.gnu.org"
"functionality","turbine.apache.org"
"functioning","www.gnu.org"
"fundamentally","www.gnu.org"
"furnished","www.xfree86.org"
"further","www.gnu.org","turbine.apache.org"
"future","www.gnu.org"
"gear","www.gnu.org"
"general","www.gnu.org","turbine.apache.org"
"generally","www.gnu.org"
"generalpurpose","www.gnu.org"
"generate","www.gnu.org"
"generated","www.apache.org"
"generation","turbine.apache.org"
"geronimo","www.apache.org"
"gerrit","www.opensource.org"
"get","www.gnu.org","www.apache.org","www.freebsd.org"
"getting","www.opensource.org","turbine.apache.org"
"give","www.gnu.org","www.apache.org"
"given","www.opensource.org","www.gnu.org"
"gives","www.gnu.org"
"giving","www.opensource.org","www.gnu.org"
"glossary","www.apache.org"
"gnu","www.gnu.org"
"gnugnuorg","www.gnu.org"
"gnus who?","www.gnu.org"
"gnu art","www.gnu.org"
"gnu fun","www.gnu.org"
"gnu home page","www.gnu.org"
"goods","www.opensource.org","www.xfree86.org","www.freebsd.org"
"goodwill","www.opensource.org","www.apache.org"
"gora","www.apache.org"
"governed","www.opensource.org","www.gnu.org"
"governing","www.apache.org"
"government","www.opensource.org"
"gpl","www.gnu.org"
"gplv3","www.gnu.org"
"grant","www.opensource.org","www.gnu.org","www.apache.org"
"grant?","www.opensource.org"
"granted","www.gnu.org","www.opensource.org","www.xfree86.org","www.apache.org"
"granting","www.apache.org"
"grantor","www.opensource.org"
"grants","www.gnu.org","www.opensource.org","www.apache.org"
"graphics","www.apache.org"
"gratis","www.gnu.org"
"greatest","www.gnu.org"
"grossly","www.apache.org"
"groups","www.freebsd.org"
"guarantee","www.gnu.org"
"gui","www.gnu.org"
"guide","www.gnu.org","turbine.apache.org"
"gump","www.apache.org"
"had","www.gnu.org"
"hadoop","www.apache.org"
"handbook","www.freebsd.org"
"harmless","www.apache.org"
"has","www.opensource.org","www.gnu.org","turbine.apache.org","www.apache.org"
"have","www.gnu.org","www.opensource.org","turbine.apache.org","www.apache.org"
"having","www.opensource.org","www.gnu.org"
"hbase","www.apache.org"
"headenusiso88591htdocscopyrightfreebsdlicensesgml","www.freebsd.org"
"header","www.freebsd.org"
"held","www.opensource.org"
"help","www.opensource.org","turbine.apache.org"
"helps","turbine.apache.org"
"help gnu","www.gnu.org"
"here","www.opensource.org"
"hereafter","www.gnu.org","www.opensource.org"
"hereby","www.opensource.org","www.xfree86.org","www.apache.org"
"herein","www.opensource.org","www.apache.org"
"hereof","www.opensource.org"
"hereunder","www.opensource.org"
"high","turbine.apache.org"
"hive","www.apache.org"
"hold","www.apache.org"
"holder","www.gnu.org"
"holders","www.gnu.org"
"home","www.opensource.org","turbine.apache.org","www.freebsd.org"
"home » licenses","www.apache.org"
"hope","www.gnu.org"
"hosts","www.gnu.org"
"household","www.gnu.org"
"how","www.opensource.org","www.gnu.org","turbine.apache.org","www.apache.org"
"however","www.gnu.org","www.opensource.org","turbine.apache.org","www.xfree86.org","www.apache.org","www.freebsd.org"
"html","www.gnu.org"
"http","www.apache.org"
"http://abdera.apache.org","1"
"http://accumulo.apache.org","1"
"http://ace.apache.org","1"
"http://activemq.apache.org","1"
"http://ant.apache.org","1"
"http://apr.apache.org","1"
"http://archiva.apache.org","1"
"http://aries.apache.org","1"
"http://attic.apache.org","1"
"http://avalon.apache.org","1"
"http://avro.apache.org","1"
"http://axis.apache.org","1"
"http://blogs.apache.org","1"
"http://buildr.apache.org","1"
"http://bval.apache.org","1"
"http://camel.apache.org","1"
"http://cassandra.apache.org","1"
"http://cayenne.apache.org","1"
"http://chemistry.apache.org","1"
"http://click.apache.org","1"
"http://cocoon.apache.org","1"
"http://commons.apache.org","2"
"http://community.apache.org","1"
"http://continuum.apache.org","1"
"http://couchdb.apache.org","1"
"http://creadur.apache.org","1"
"http://creativecommons.org","1"
"http://cvsweb.freebsd.org","1"
"http://cxf.apache.org","1"
"http://db.apache.org","2"
"http://deltacloud.apache.org","1"
"http://directory.apache.org","1"
"http://directory.fsf.org","1"
"http://donate.fsf.org","1"
"http://empire-db.apache.org","1"
"http://esme.apache.org","1"
"http://feathercast.org","1"
"http://felix.apache.org","1"
"http://flattr.com","1"
"http://forrest.apache.org","1"
"http://forums.freebsd.org","1"
"http://fsf.org","1"
"http://geronimo.apache.org","1"
"http://gora.apache.org","1"
"http://gump.apache.org","1"
"http://hadoop.apache.org","1"
"http://hbase.apache.org","1"
"http://hc.apache.org","1"
"http://hive.apache.org","1"
"http://httpd.apache.org","1"
"http://incubator.apache.org","1"
"http://jackrabbit.apache.org","1"
"http://jakarta.apache.org","1"
"http://james.apache.org","1"
"http://jena.apache.org","1"
"http://jmeter.apache.org","1"
"http://juddi.apache.org","1"
"http://karaf.apache.org","1"
"http://labs.apache.org","1"
"http://lenya.apache.org","1"
"http://libcloud.apache.org","1"
"http://logging.apache.org","1"
"http://lucene.apache.org","1"
"http://lucy.apache.org","1"
"http://mahout.apache.org","1"
"http://maven.apache.org","2"
"http://mina.apache.org","1"
"http://mrunit.apache.org","1"
"http://myfaces.apache.org","1"
"http://nutch.apache.org","1"
"http://ode.apache.org","1"
"http://ofbiz.apache.org","1"
"http://oodt.apache.org","1"
"http://openejb.apache.org","1"
"http://openjpa.apache.org","1"
"http://opennlp.apache.org","1"
"http://openwebbeans.apache.org","1"
"http://p4web.freebsd.org","1"
"http://pdfbox.apache.org","1"
"http://people.apache.org","1"
"http://perl.apache.org","1"
"http://pig.apache.org","1"
"http://pivot.apache.org","1"
"http://planet.apache.org","1"
"http://poi.apache.org","1"
"http://portals.apache.org","2"
"http://projects.apache.org","1"
"http://qpid.apache.org","1"
"http://rave.apache.org","1"
"http://river.apache.org","1"
"http://roller.apache.org","1"
"http://santuario.apache.org","1"
"http://security.freebsd.org","1"
"http://servicemix.apache.org","1"
"http://shindig.apache.org","1"
"http://shiro.apache.org","1"
"http://shop.fsf.org","1"
"http://sling.apache.org","1"
"http://spamassassin.apache.org","1"
"http://sqoop.apache.org","1"
"http://stdcxx.apache.org","1"
"http://struts.apache.org","1"
"http://subversion.apache.org","1"
"http://svn.freebsd.org","1"
"http://synapse.apache.org","1"
"http://tapestry.apache.org","1"
"http://tcl.apache.org","1"
"http://thrift.apache.org","1"
"http://tika.apache.org","1"
"http://tiles.apache.org","1"
"http://tomcat.apache.org","1"
"http://trafficserver.apache.org","1"
"http://turbine.apache.org","1"
"http://tuscany.apache.org","1"
"http://uima.apache.org","1"
"http://velocity.apache.org","2"
"http://whirr.apache.org","1"
"http://wicket.apache.org","1"
"http://wiki.apache.org","1"
"http://wiki.freebsd.org","1"
"http://ws.apache.org","1"
"http://www.apache.org","2"
"http://www.freebsd.org","1"
"http://www.freebsdfoundation.org","1"
"http://www.fsf.org","1"
"http://www.gnu.org","1"
"http://www.xfree86.org","1"
"http://xalan.apache.org","1"
"http://xerces.apache.org","1"
"http://xmlbeans.apache.org","1"
"http://xmlgraphics.apache.org","1"
"http://zookeeper.apache.org","1"
"httpcomponents","www.apache.org"
"httpwwwxfree86org","www.xfree86.org"
"hypothetical","www.gnu.org"
"i","www.apache.org"
"idea","www.gnu.org"
"ideas","www.freebsd.org"
"identifiable","www.gnu.org"
"identification","www.apache.org"
"identifies","www.opensource.org"
"identifying","www.apache.org"
"if","www.gnu.org","www.opensource.org","turbine.apache.org","www.xfree86.org","www.apache.org","www.freebsd.org"
"ii","www.apache.org"
"iii","www.apache.org"
"ii the","www.opensource.org"
"implement","www.gnu.org"
"implementation","www.gnu.org"
"implied","www.opensource.org","www.gnu.org","www.xfree86.org","www.apache.org","www.freebsd.org"
"import","www.gnu.org","www.apache.org"
"importing","www.gnu.org"
"impose","www.opensource.org","www.gnu.org"
"imposed","www.gnu.org"
"improving","turbine.apache.org","www.apache.org"
"in","www.opensource.org","www.gnu.org","turbine.apache.org","www.xfree86.org","www.apache.org","www.freebsd.org"
"inability","www.gnu.org","www.apache.org"
"inaccurate","www.gnu.org"
"inc","www.opensource.org","www.gnu.org","www.xfree86.org"
"incidental","www.gnu.org","www.opensource.org","www.xfree86.org","www.apache.org","www.freebsd.org"
"include","www.opensource.org","www.gnu.org","www.xfree86.org","www.apache.org"
"included","www.opensource.org","www.gnu.org","www.xfree86.org","www.apache.org"
"includes","www.gnu.org","www.opensource.org","turbine.apache.org","www.xfree86.org","www.apache.org"
"including","www.gnu.org","www.opensource.org","www.xfree86.org","www.apache.org","www.freebsd.org"
"inclusion","www.gnu.org","www.apache.org"
"incompatible","www.gnu.org"
"incorporated","www.apache.org"
"incorporating","www.gnu.org"
"incorporation","www.gnu.org"
"incubator","www.apache.org"
"incurred","www.opensource.org","www.apache.org"
"indemnification","www.gnu.org"
"indemnify","www.opensource.org","www.apache.org"
"indemnity","www.opensource.org","www.apache.org"
"independent","www.gnu.org"
"indicate","www.gnu.org"
"indicated","www.apache.org"
"indicating","www.gnu.org"
"indirect","www.opensource.org","www.xfree86.org","www.apache.org","www.freebsd.org"
"indirectly","www.opensource.org"
"individual","www.gnu.org","www.opensource.org","www.apache.org"
"individuals","www.gnu.org"
"industrial","www.gnu.org"
"influenced","turbine.apache.org"
"inform","www.opensource.org","www.gnu.org"
"information","www.gnu.org","turbine.apache.org","www.xfree86.org","www.apache.org","www.freebsd.org"
"informational","www.apache.org"
"informed","www.opensource.org"
"infrastructure","www.apache.org"
"infringe","www.gnu.org","www.opensource.org"
"infringed","www.opensource.org","www.gnu.org","www.apache.org"
"infringement","www.gnu.org","www.opensource.org","www.apache.org"
"infringements","www.opensource.org"
"infringes","www.opensource.org"
"initial","www.opensource.org"
"initiate","www.gnu.org"
"initiative","www.opensource.org"
"injury","www.opensource.org"
"inquiries","www.gnu.org","www.apache.org"
"inside","www.gnu.org","turbine.apache.org"
"install","www.gnu.org"
"installation","www.gnu.org"
"installed","www.gnu.org"
"instead","www.gnu.org"
"institute","www.apache.org"
"intact","www.gnu.org"
"intellectual","www.opensource.org"
"intended","www.gnu.org","www.opensource.org","turbine.apache.org"
"intent","www.opensource.org"
"intention","www.gnu.org"
"intentionally","www.apache.org"
"interaction","www.gnu.org"
"interactive","www.gnu.org"
"interchange","www.gnu.org"
"interest","www.gnu.org"
"interface","www.gnu.org"
"interfaces","www.gnu.org","www.apache.org"
"interfered","www.gnu.org"
"international","www.opensource.org"
"internetworking","www.freebsd.org"
"interpretation","www.gnu.org"
"interpreted","www.freebsd.org"
"interpreter","www.gnu.org"
"interruption","www.xfree86.org","www.freebsd.org"
"intimate","www.gnu.org"
"into","www.opensource.org","www.gnu.org"
"introduction","turbine.apache.org","www.apache.org","www.freebsd.org"
"invalidate","www.gnu.org"
"invite","turbine.apache.org"
"involved","turbine.apache.org","www.apache.org"
"irrevocable","www.gnu.org","www.apache.org"
"is","www.opensource.org","www.gnu.org","turbine.apache.org","www.xfree86.org","www.apache.org","www.freebsd.org"
"issue","www.apache.org"
"it","www.opensource.org","www.gnu.org","turbine.apache.org","www.apache.org"
"item","www.gnu.org","www.opensource.org"
"its","www.opensource.org","www.gnu.org","turbine.apache.org","www.xfree86.org","www.apache.org"
"itself","www.gnu.org","www.xfree86.org"
"i the","www.opensource.org"
"i third","www.opensource.org"
"jackrabbit","www.apache.org"
"jakarta","turbine.apache.org"
"james","www.apache.org"
"january","www.apache.org"
"java","turbine.apache.org"
"javaserver","turbine.apache.org"
"jena","www.apache.org"
"jetspeed","turbine.apache.org"
"jmeter","www.apache.org"
"joining","www.gnu.org"
"join the fsf","www.gnu.org"
"jsp","turbine.apache.org"
"juddi","www.apache.org"
"judgment","www.opensource.org"
"july","turbine.apache.org"
"june","www.gnu.org","www.opensource.org"
"jurisdiction","www.opensource.org"
"jurisdictions","www.opensource.org"
"karaf","www.apache.org"
"keep","www.gnu.org"
"kernel","www.gnu.org"
"key","www.gnu.org"
"keys","www.gnu.org"
"kind","www.opensource.org","www.gnu.org","www.apache.org"
"kinds","www.gnu.org"
"know","www.gnu.org"
"knowingly","www.gnu.org"
"knowledge","www.gnu.org"
"labs","www.apache.org"
"language","www.opensource.org","www.gnu.org","www.apache.org"
"large","www.freebsd.org"
"larger","www.gnu.org","www.opensource.org"
"last","turbine.apache.org","www.freebsd.org"
"later","www.gnu.org"
"latex","www.gnu.org"
"law","www.opensource.org","www.gnu.org","www.apache.org"
"laws","www.gnu.org","www.opensource.org"
"lawsuit","www.gnu.org","www.apache.org"
"layer","turbine.apache.org"
"leads","turbine.apache.org"
"learn","turbine.apache.org"
"least","www.gnu.org","www.apache.org"
"legal","www.opensource.org","www.gnu.org","www.apache.org","www.freebsd.org"
"lenya","www.apache.org"
"lesser","www.gnu.org"
"liability","www.opensource.org","www.gnu.org","www.xfree86.org","www.apache.org","www.freebsd.org"
"liable","www.opensource.org","www.gnu.org","www.xfree86.org","www.apache.org","www.freebsd.org"
"libcloud","www.apache.org"
"libraries","www.gnu.org","turbine.apache.org"
"library","www.gnu.org"
"licence","www.xfree86.org"
"licensable","www.opensource.org","www.apache.org"
"license","www.gnu.org","www.opensource.org","turbine.apache.org","www.xfree86.org","www.apache.org"
"licensed","www.gnu.org","www.opensource.org","www.apache.org"
"licensee","www.gnu.org"
"licensees","www.gnu.org"
"licenses","www.opensource.org","www.gnu.org","www.xfree86.org","www.apache.org"
"licensing","www.gnu.org","www.opensource.org"
"licensor","www.apache.org"
"licensors","www.gnu.org"
"lieu","www.opensource.org"
"like","www.gnu.org","turbine.apache.org"
"likewise","www.gnu.org"
"limit","www.opensource.org","www.gnu.org"
"limitation","www.gnu.org","www.opensource.org","www.xfree86.org","www.apache.org"
"limitations","www.apache.org"
"limited","www.gnu.org","www.xfree86.org","www.apache.org","www.freebsd.org"
"limiting","www.gnu.org"
"line","www.gnu.org"
"link","www.gnu.org","www.apache.org"
"linked","www.gnu.org"
"linking","www.gnu.org"
"links","www.gnu.org","turbine.apache.org","www.freebsd.org"
"list","www.gnu.org","www.xfree86.org","www.freebsd.org"
"lists","www.opensource.org","www.apache.org","www.freebsd.org"
"literally","www.opensource.org"
"litigation","www.gnu.org","www.opensource.org","www.apache.org"
"local","www.gnu.org"
"located","www.opensource.org"
"location","www.xfree86.org"
"logging","www.apache.org"
"logins","turbine.apache.org"
"logo","www.opensource.org","turbine.apache.org","www.apache.org","www.freebsd.org"
"logos","www.gnu.org"
"long","www.gnu.org"
"longtime","turbine.apache.org"
"look","turbine.apache.org"
"losing","www.opensource.org"
"loss","www.gnu.org","www.opensource.org","www.xfree86.org","www.apache.org","www.freebsd.org"
"losses","www.opensource.org","www.gnu.org","www.apache.org"
"lost","www.opensource.org"
"lucene","www.apache.org"
"lucy","www.apache.org"
"ma","www.gnu.org"
"machinereadable","www.gnu.org"
"made","www.opensource.org","www.gnu.org","www.apache.org"
"mahout","www.apache.org"
"mail","www.gnu.org"
"mailing","www.opensource.org","www.apache.org","www.freebsd.org"
"main","www.opensource.org"
"maintain","www.gnu.org"
"maintenance","turbine.apache.org"
"major","www.gnu.org"
"make","www.opensource.org","www.gnu.org","turbine.apache.org","www.apache.org"
"makes","www.opensource.org","www.gnu.org"
"making","www.gnu.org","www.opensource.org","www.apache.org"
"malfunction","www.opensource.org","www.apache.org"
"managed","www.apache.org"
"management","www.opensource.org","turbine.apache.org","www.apache.org"
"manner","www.gnu.org","www.opensource.org"
"manual","www.freebsd.org"
"manuals","www.gnu.org"
"manufacturer","www.gnu.org"
"many","turbine.apache.org"
"map","www.freebsd.org"
"march","www.gnu.org"
"marked","www.gnu.org","www.apache.org"
"marketing","www.freebsd.org"
"marks","www.gnu.org","turbine.apache.org","www.apache.org"
"masks","www.gnu.org"
"material","www.gnu.org"
"materially","www.gnu.org"
"materials","www.xfree86.org","www.freebsd.org"
"matter","www.opensource.org"
"matured","turbine.apache.org"
"maven","turbine.apache.org","www.apache.org"
"mavenapacheorg","turbine.apache.org"
"maximum","www.opensource.org"
"may","www.gnu.org","www.opensource.org","turbine.apache.org","www.xfree86.org","www.apache.org"
"mean","www.apache.org"
"meaning","www.gnu.org","www.opensource.org"
"means","www.opensource.org","www.gnu.org","www.apache.org"
"measure","www.gnu.org"
"measures","www.gnu.org"
"mechanical","www.apache.org"
"media","www.apache.org"
"medium","www.gnu.org","www.opensource.org","www.apache.org"
"meet","www.gnu.org","www.apache.org"
"meets","www.gnu.org"
"member","www.gnu.org"
"memorials","www.apache.org"
"mentioned","turbine.apache.org"
"menu","www.gnu.org"
"merchantability","www.gnu.org","www.xfree86.org","www.apache.org","www.freebsd.org"
"merchantable","www.opensource.org"
"mere","www.gnu.org"
"merely","www.apache.org"
"merge","www.xfree86.org"
"merging","www.gnu.org"
"meritocracy","www.apache.org"
"message","www.opensource.org"
"met","www.gnu.org","www.freebsd.org"
"meta","turbine.apache.org"
"method","www.opensource.org"
"methods","www.gnu.org"
"microsystems","www.opensource.org"
"might","www.gnu.org"
"migrating","turbine.apache.org"
"milestone","turbine.apache.org"
"mina","www.apache.org"
"mirrors","turbine.apache.org"
"miscellaneous","www.opensource.org"
"misrepresentation","www.gnu.org"
"mission","www.gnu.org"
"mode","www.gnu.org","turbine.apache.org"
"model","www.gnu.org"
"modification","www.opensource.org","www.gnu.org","www.freebsd.org"
"modifications","www.opensource.org","www.gnu.org","www.apache.org"
"modified","www.gnu.org","www.opensource.org","www.apache.org","www.freebsd.org"
"modifies","www.gnu.org"
"modify","www.opensource.org","www.gnu.org","www.xfree86.org","www.apache.org"
"modifying","www.gnu.org","www.apache.org"
"mon","www.opensource.org"
"monthly","www.gnu.org"
"more","www.opensource.org","www.gnu.org","turbine.apache.org","www.apache.org"
"moreover","www.gnu.org"
"most","www.gnu.org","turbine.apache.org"
"mrunit","www.apache.org"
"multimedia","www.freebsd.org"
"must","www.gnu.org","www.opensource.org","www.xfree86.org","www.apache.org","www.freebsd.org"
"myfaces","www.apache.org"
"name","www.opensource.org","www.gnu.org","www.xfree86.org","www.apache.org"
"names","www.gnu.org","www.apache.org"
"nations","www.opensource.org"
"nature","www.gnu.org","www.opensource.org"
"navigation","www.opensource.org","www.gnu.org","www.freebsd.org"
"necessarily","www.apache.org"
"necessary","www.gnu.org","www.opensource.org"
"need","www.gnu.org"
"needed","www.gnu.org"
"negligence","www.opensource.org","www.xfree86.org","www.apache.org","www.freebsd.org"
"negligent","www.apache.org"
"neither","www.gnu.org"
"network","www.gnu.org"
"new","www.opensource.org","www.gnu.org","turbine.apache.org"
"news","turbine.apache.org","www.apache.org","www.freebsd.org"
"newsletter","www.gnu.org"
"next","www.gnu.org","turbine.apache.org","www.xfree86.org"
"no","www.opensource.org","www.gnu.org","www.xfree86.org","www.apache.org","www.freebsd.org"
"nocharge","www.apache.org"
"nonacceptance","www.opensource.org"
"noncommercially","www.gnu.org"
"nonconsumer","www.gnu.org"
"nonexclusive","www.opensource.org","www.gnu.org","www.apache.org"
"nonexercise","www.gnu.org"
"nonfree","www.gnu.org"
"noninfringement","www.apache.org"
"noninfringing","www.opensource.org"
"nonpermissive","www.gnu.org"
"nonprogramming","turbine.apache.org"
"nonsource","www.gnu.org"
"nor","www.gnu.org"
"normal","www.gnu.org","www.freebsd.org"
"normally","www.gnu.org","www.apache.org"
"not","www.opensource.org","www.gnu.org","www.xfree86.org","www.apache.org","www.freebsd.org"
"note","www.opensource.org"
"nothing","www.gnu.org","www.opensource.org","www.apache.org"
"notice","www.gnu.org","www.opensource.org","www.xfree86.org","www.apache.org","www.freebsd.org"
"notices","www.opensource.org","www.gnu.org","www.apache.org","www.freebsd.org"
"notifies","www.gnu.org"
"notify","www.gnu.org"
"notwithstanding","www.opensource.org","www.gnu.org","www.apache.org"
"now","www.opensource.org","turbine.apache.org"
"number","www.opensource.org","www.gnu.org","turbine.apache.org"
"numbered","www.gnu.org"
"nutch","www.apache.org"
"object","www.gnu.org","www.apache.org"
"obligate","www.gnu.org"
"obligated","www.gnu.org"
"obligation","www.opensource.org"
"obligations","www.gnu.org","www.opensource.org","www.apache.org"
"obtain","www.opensource.org","www.apache.org"
"obtaining","www.xfree86.org"
"occasionally","www.gnu.org"
"occurring","www.gnu.org"
"occurs","www.gnu.org"
"oct","www.opensource.org"
"ode","www.apache.org"
"odf","www.gnu.org"
"of","www.opensource.org","www.gnu.org","turbine.apache.org","www.xfree86.org","www.apache.org","www.freebsd.org"
"ofbiz","www.apache.org"
"offer","www.opensource.org","www.gnu.org","www.apache.org"
"offered","www.gnu.org","www.opensource.org"
"offering","www.gnu.org"
"offers","turbine.apache.org"
"official","www.gnu.org","www.freebsd.org"
"old","www.gnu.org"
"older","turbine.apache.org"
"on","www.opensource.org","www.gnu.org","turbine.apache.org","www.xfree86.org","www.apache.org","www.freebsd.org"
"one","www.gnu.org","www.opensource.org","turbine.apache.org","www.apache.org"
"only","www.gnu.org","www.opensource.org","www.apache.org"
"oodt","www.apache.org"
"open","www.opensource.org","turbine.apache.org"
"openejb","www.apache.org"
"openjpa","www.apache.org"
"opennlp","www.apache.org"
"opensource","turbine.apache.org"
"opensourceorg","www.opensource.org"
"openwebbeans","www.apache.org"
"operate","www.gnu.org"
"operated","www.gnu.org"
"operating","www.gnu.org"
"operation","www.gnu.org"
"option","www.gnu.org"
"options","www.gnu.org"
"or","www.opensource.org","www.gnu.org","turbine.apache.org","www.xfree86.org","www.apache.org","www.freebsd.org"
"order","www.gnu.org"
"organization","www.gnu.org"
"organizational","www.gnu.org"
"organizations","www.gnu.org"
"origin","www.gnu.org","www.apache.org"
"original","www.opensource.org","www.gnu.org","www.apache.org"
"originally","www.opensource.org","turbine.apache.org"
"osi","www.opensource.org"
"other","www.gnu.org","www.opensource.org","turbine.apache.org","www.xfree86.org","www.apache.org","www.freebsd.org"
"others","www.gnu.org"
"otherwise","www.opensource.org","www.gnu.org","www.xfree86.org","www.apache.org","www.freebsd.org"
"our","www.gnu.org","turbine.apache.org"
"out","www.gnu.org","www.opensource.org","turbine.apache.org","www.xfree86.org","www.apache.org","www.freebsd.org"
"output","www.gnu.org"
"outside","www.gnu.org"
"outstanding","www.opensource.org","www.apache.org"
"overview","turbine.apache.org"
"own","www.opensource.org","www.gnu.org","www.apache.org"
"owned","www.gnu.org","www.opensource.org"
"owner","www.apache.org"
"owners","turbine.apache.org"
"ownership","www.opensource.org","www.apache.org"
"packaged","www.gnu.org"
"packaging","www.gnu.org"
"page","www.gnu.org","www.apache.org"
"pages","turbine.apache.org","www.freebsd.org"
"paper","www.gnu.org"
"paragraph","www.gnu.org"
"paragraphs","www.gnu.org"
"part","www.opensource.org","www.gnu.org","turbine.apache.org","www.apache.org"
"participant","www.opensource.org"
"participate","turbine.apache.org"
"participatory","turbine.apache.org"
"particular","www.gnu.org","www.opensource.org","turbine.apache.org","www.xfree86.org","www.apache.org","www.freebsd.org"
"parties","www.opensource.org","www.gnu.org"
"parts","www.gnu.org","turbine.apache.org"
"party","www.opensource.org","www.gnu.org"
"partys","www.gnu.org","www.opensource.org"
"pass","www.gnu.org"
"password","www.gnu.org"
"patent","www.opensource.org","www.gnu.org","www.apache.org"
"patents","www.gnu.org"
"pattern","www.gnu.org"
"payment","www.gnu.org"
"pdfbox","www.apache.org"
"peers","www.gnu.org"
"peertopeer","www.gnu.org"
"people","www.apache.org"
"percent","www.opensource.org","www.apache.org"
"perforce","www.freebsd.org"
"perform","www.opensource.org","www.apache.org"
"performance","www.opensource.org","www.gnu.org"
"performing","www.gnu.org"
"period","www.opensource.org"
"peripheral","www.freebsd.org"
"perl","www.apache.org"
"permanently","www.gnu.org"
"permission","www.gnu.org","www.xfree86.org","www.apache.org"
"permissions","www.gnu.org","www.apache.org"
"permissive","www.gnu.org"
"permit","www.gnu.org","www.xfree86.org"
"permits","www.gnu.org"
"permitted","www.gnu.org","www.freebsd.org"
"perpetual","www.apache.org"
"perpetuity","www.gnu.org"
"persistence","turbine.apache.org"
"person","www.opensource.org","www.xfree86.org"
"personal","www.gnu.org","www.opensource.org"
"personalize","turbine.apache.org"
"persons","www.xfree86.org"
"pertain","www.apache.org"
"pertinent","www.gnu.org"
"philosophy","www.gnu.org"
"physical","www.gnu.org"
"physically","www.gnu.org"
"pieces","www.gnu.org"
"pig","www.apache.org"
"pipeline","turbine.apache.org"
"pivot","www.apache.org"
"place","www.gnu.org","www.xfree86.org"
"places","www.apache.org"
"plain","www.gnu.org"
"planetapache","www.apache.org"
"please","www.gnu.org"
"plus","www.gnu.org"
"poi","www.apache.org"
"pointer","www.gnu.org"
"policies","www.freebsd.org"
"policy","www.freebsd.org"
"portals","turbine.apache.org","www.apache.org"
"ported","turbine.apache.org"
"porters","www.freebsd.org"
"portion","www.gnu.org"
"portions","www.opensource.org"
"possesses","www.gnu.org"
"possession","www.gnu.org"
"possibility","www.opensource.org","www.gnu.org","www.xfree86.org","www.apache.org","www.freebsd.org"
"possible","www.gnu.org","www.opensource.org"
"power","www.opensource.org","www.gnu.org","www.apache.org"
"practical","www.gnu.org"
"practice","www.opensource.org","www.gnu.org"
"pragmatic","turbine.apache.org"
"preamble","www.gnu.org"
"precise","www.gnu.org"
"precisely","www.gnu.org"
"predecessor","www.gnu.org"
"preferred","www.gnu.org","www.apache.org"
"prepare","www.apache.org"
"present","www.gnu.org"
"presentation","turbine.apache.org"
"presents","www.gnu.org"
"preservation","www.gnu.org"
"preserve","www.gnu.org"
"press","www.apache.org","www.freebsd.org"
"prevent","www.gnu.org"
"prevented","www.gnu.org"
"previous","www.opensource.org","www.gnu.org","www.xfree86.org"
"price","www.gnu.org"
"primarily","www.gnu.org"
"principal","www.gnu.org"
"printed","www.apache.org"
"prior","www.gnu.org","www.opensource.org","www.xfree86.org"
"privacy","www.freebsd.org"
"private","www.gnu.org"
"problems","www.gnu.org"
"procedures","www.gnu.org"
"process","www.opensource.org","turbine.apache.org"
"processes","turbine.apache.org"
"processing","turbine.apache.org"
"procurement","www.xfree86.org","www.freebsd.org"
"procuring","www.gnu.org"
"produce","www.gnu.org"
"product","www.opensource.org","www.gnu.org","www.xfree86.org","www.apache.org"
"production","turbine.apache.org"
"products","www.gnu.org"
"profits","www.opensource.org","www.xfree86.org","www.freebsd.org"
"program","www.gnu.org"
"programmer","www.gnu.org"
"programming","www.gnu.org"
"programs","www.gnu.org"
"programto","www.gnu.org"
"prohibit","www.gnu.org"
"prohibiting","www.opensource.org","www.gnu.org"
"prohibits","www.gnu.org","www.opensource.org"
"project","www.gnu.org","turbine.apache.org","www.xfree86.org","www.apache.org","www.freebsd.org"
"projects","turbine.apache.org","www.apache.org"
"prominent","www.gnu.org","www.apache.org"
"prominently","www.gnu.org"
"promote","www.gnu.org","www.xfree86.org"
"propagate","www.gnu.org"
"propagating","www.gnu.org"
"propagation","www.gnu.org"
"property","www.opensource.org","www.gnu.org"
"proprietary","www.gnu.org"
"prospectively","www.opensource.org"
"protect","www.gnu.org"
"protecting","www.gnu.org"
"protection","www.gnu.org"
"protocols","www.gnu.org"
"prove","www.opensource.org","www.gnu.org"
"provide","www.gnu.org","www.apache.org"
"provided","www.opensource.org","www.gnu.org","turbine.apache.org","www.xfree86.org","www.apache.org","www.freebsd.org"
"provides","www.opensource.org","turbine.apache.org","www.apache.org"
"provision","www.opensource.org","www.gnu.org"
"provisionally","www.gnu.org"
"provisions","www.opensource.org"
"proxy","www.gnu.org"
"proxys","www.gnu.org"
"public","www.gnu.org","www.apache.org"
"publicity","www.gnu.org"
"publicly","www.gnu.org","www.apache.org"
"publish","www.opensource.org","www.gnu.org","www.xfree86.org"
"published","www.gnu.org","www.opensource.org","turbine.apache.org"
"purpose","www.opensource.org","www.gnu.org","www.xfree86.org","www.apache.org","www.freebsd.org"
"purposes","www.gnu.org","www.opensource.org","www.apache.org"
"pursuant","www.gnu.org","www.opensource.org"
"qpid","www.apache.org"
"qualify","www.gnu.org"
"quality","www.opensource.org","www.gnu.org","turbine.apache.org"
"questions","www.gnu.org","turbine.apache.org"
"quick","www.gnu.org"
"quickly","turbine.apache.org"
"quite","turbine.apache.org"
"r38826","www.freebsd.org"
"rave","www.apache.org"
"read","www.gnu.org"
"readable","www.apache.org"
"readily","www.gnu.org"
"reading","www.gnu.org","turbine.apache.org"
"readme","www.gnu.org"
"ready","www.gnu.org"
"realized","turbine.apache.org"
"reason","www.gnu.org","www.apache.org"
"reasonable","www.gnu.org","www.opensource.org","www.apache.org"
"receipt","www.gnu.org"
"receive","www.gnu.org"
"received","www.opensource.org","www.gnu.org","www.apache.org"
"receives","www.gnu.org"
"receiving","www.gnu.org"
"recipient","www.gnu.org"
"recipients","www.opensource.org","www.gnu.org","www.apache.org"
"recognized","www.gnu.org"
"recommend","turbine.apache.org","www.apache.org"
"records","www.apache.org"
"redistribute","www.gnu.org"
"redistributing","www.apache.org"
"redistribution","www.xfree86.org","www.apache.org","www.freebsd.org"
"redistributions","www.xfree86.org","www.freebsd.org"
"references","www.opensource.org"
"referred","www.opensource.org"
"referring","www.gnu.org"
"refers","www.gnu.org"
"reformed","www.opensource.org"
"refrain","www.gnu.org"
"regard","www.gnu.org"
"regarding","www.apache.org"
"regardless","www.gnu.org"
"regenerate","www.gnu.org"
"registered","turbine.apache.org"
"regulation","www.opensource.org"
"regulations","www.opensource.org"
"reinstated","www.gnu.org"
"related","turbine.apache.org"
"relating","www.opensource.org"
"relations","www.apache.org"
"relationship","www.gnu.org"
"release","turbine.apache.org","www.freebsd.org"
"released","www.opensource.org","www.gnu.org","turbine.apache.org"
"releases","turbine.apache.org"
"relevant","www.gnu.org"
"relicensing","www.gnu.org"
"relying","www.gnu.org"
"remain","www.opensource.org","www.gnu.org","www.apache.org"
"remains","www.gnu.org"
"removal","www.gnu.org"
"remove","www.opensource.org","www.gnu.org"
"render","www.gnu.org"
"rendered","www.gnu.org"
"repair","www.opensource.org","www.gnu.org"
"replaced","www.apache.org"
"reports","turbine.apache.org","www.freebsd.org"
"repository","www.freebsd.org"
"represent","www.opensource.org","www.gnu.org","www.apache.org"
"representatives","www.apache.org"
"representing","www.freebsd.org"
"represents","www.opensource.org"
"reproduce","www.opensource.org","www.xfree86.org","www.apache.org","www.freebsd.org"
"reproducing","www.apache.org"
"reproduction","www.apache.org"
"request","turbine.apache.org"
"require","www.gnu.org"
"required","www.opensource.org","www.gnu.org","www.apache.org"
"requirement","www.gnu.org"
"requirements","www.opensource.org","www.gnu.org"
"requires","www.gnu.org"
"requiring","www.gnu.org"
"reserved","www.xfree86.org","www.freebsd.org"
"residing","turbine.apache.org"
"resolved","www.gnu.org"
"respect","www.opensource.org","www.gnu.org"
"respective","turbine.apache.org"
"responsibilities","www.gnu.org"
"responsibility","www.opensource.org","www.apache.org"
"responsible","www.gnu.org","www.opensource.org","www.apache.org"
"restrict","www.gnu.org","turbine.apache.org"
"restricting","www.gnu.org"
"restriction","www.gnu.org","www.xfree86.org"
"restrictions","www.gnu.org"
"restricts","www.opensource.org"
"result","www.gnu.org","www.opensource.org","www.apache.org"
"resulting","www.opensource.org","www.gnu.org","www.apache.org"
"results","www.gnu.org","www.opensource.org"
"retain","www.xfree86.org","www.apache.org","www.freebsd.org"
"retains","www.gnu.org"
"return","www.gnu.org"
"reviewing","www.gnu.org"
"revised","www.opensource.org","www.gnu.org"
"revisions","www.apache.org"
"richardexamplecom","www.gnu.org"
"right","www.opensource.org","www.gnu.org"
"rights","www.gnu.org","www.opensource.org","www.xfree86.org","www.apache.org","www.freebsd.org"
"risk","www.opensource.org","www.gnu.org"
"risks","www.apache.org"
"river","www.apache.org"
"roles","www.apache.org"
"roller","www.apache.org"
"rom","www.gnu.org"
"royalty","www.gnu.org"
"royaltyfree","www.opensource.org","www.gnu.org","www.apache.org"
"rules","www.gnu.org"
"run","www.gnu.org"
"running","www.gnu.org"
"runs","www.gnu.org"
"safest","www.gnu.org"
"sake","www.gnu.org"
"sale","www.opensource.org","www.gnu.org","www.xfree86.org"
"same","www.gnu.org","www.xfree86.org","www.apache.org"
"santuario","www.apache.org"
"satisfy","www.gnu.org"
"saying","www.gnu.org"
"scheduling","turbine.apache.org"
"scheme","www.opensource.org"
"school","www.gnu.org"
"scope","www.gnu.org"
"scripts","www.gnu.org"
"search","www.opensource.org","www.gnu.org","www.freebsd.org"
"secondarily","www.gnu.org"
"section","www.opensource.org","www.gnu.org","www.apache.org","www.freebsd.org"
"sections","www.gnu.org","www.opensource.org","www.apache.org"
"sections 21","www.opensource.org"
"sections 21a","www.opensource.org"
"sections 22a","www.opensource.org"
"sections 61","www.opensource.org"
"section 21b","www.opensource.org"
"section 22b","www.opensource.org"
"security","turbine.apache.org","www.apache.org","www.freebsd.org"
"see","www.gnu.org","turbine.apache.org","www.apache.org"
"sell","www.opensource.org","www.gnu.org","www.xfree86.org","www.apache.org"
"selling","www.gnu.org","www.opensource.org"
"semiconductor","www.gnu.org"
"send","www.gnu.org"
"sent","www.apache.org"
"separable","www.gnu.org","www.apache.org"
"separate","www.gnu.org","www.apache.org"
"separately","www.gnu.org"
"sept","www.opensource.org"
"series","turbine.apache.org"
"server","www.gnu.org","turbine.apache.org","www.apache.org"
"serves","www.gnu.org"
"service","www.opensource.org","www.gnu.org","turbine.apache.org","www.apache.org"
"servicemix","www.apache.org"
"services","turbine.apache.org","www.xfree86.org","www.apache.org","www.freebsd.org"
"servicesoriented","turbine.apache.org"
"servicing","www.gnu.org","www.opensource.org"
"servlet","turbine.apache.org"
"set","www.opensource.org"
"shall","www.gnu.org","www.opensource.org","www.xfree86.org","www.apache.org","www.freebsd.org"
"shape","turbine.apache.org"
"shapes","turbine.apache.org"
"share","www.gnu.org"
"shared","www.gnu.org"
"shares","www.opensource.org","www.apache.org"
"shindig","www.apache.org"
"shiro","www.apache.org"
"short","www.gnu.org"
"shortcuts","turbine.apache.org"
"should","www.gnu.org","www.opensource.org","turbine.apache.org","www.apache.org","www.freebsd.org"
"show","www.gnu.org"
"sign","www.gnu.org"
"significant","www.gnu.org","turbine.apache.org"
"similar","www.gnu.org"
"simple","turbine.apache.org"
"simultaneously","www.gnu.org"
"single","www.opensource.org","www.gnu.org"
"site","www.opensource.org","www.xfree86.org","www.freebsd.org"
"sites","turbine.apache.org"
"site map","www.gnu.org"
"size","www.freebsd.org"
"skip","www.gnu.org","www.opensource.org","www.freebsd.org"
"sling","www.apache.org"
"so","www.opensource.org","www.gnu.org","www.xfree86.org"
"software","www.gnu.org","www.opensource.org","turbine.apache.org","www.xfree86.org","www.apache.org","www.freebsd.org"
"sold","www.gnu.org"
"sole","www.gnu.org","www.apache.org"
"solely","www.gnu.org","www.apache.org"
"some","www.opensource.org","www.gnu.org","turbine.apache.org"
"source","www.gnu.org","www.opensource.org","www.xfree86.org","www.apache.org","www.freebsd.org"
"spamassassin","www.apache.org"
"spare","www.gnu.org"
"spawned","turbine.apache.org"
"speak","www.gnu.org"
"special","www.opensource.org","www.gnu.org","www.xfree86.org","www.apache.org","www.freebsd.org"
"specific","www.gnu.org","www.apache.org"
"specifically","www.opensource.org","www.gnu.org"
"specification","turbine.apache.org"
"specified","www.gnu.org","www.opensource.org"
"specifies","www.gnu.org"
"specify","www.gnu.org"
"spirit","www.gnu.org"
"sponsor","www.gnu.org"
"sponsorship","turbine.apache.org","www.apache.org"
"sqoop","www.apache.org"
"stages","turbine.apache.org"
"stand","www.gnu.org"
"standalone","www.gnu.org"
"standard","www.gnu.org","turbine.apache.org"
"standards","www.opensource.org","www.gnu.org"
"start","www.gnu.org"
"starting","turbine.apache.org"
"starts","www.gnu.org"
"state","www.gnu.org","www.apache.org"
"stated","www.gnu.org","www.apache.org"
"statement","www.gnu.org","www.apache.org"
"states","www.opensource.org","www.gnu.org"
"stating","www.gnu.org","www.apache.org"
"status","www.gnu.org","turbine.apache.org"
"stdcxx","www.apache.org"
"steps","www.gnu.org"
"steward","www.opensource.org"
"stick","turbine.apache.org"
"stoppage","www.opensource.org","www.apache.org"
"storage","www.gnu.org"
"stratum","turbine.apache.org"
"street","www.gnu.org"
"strict","www.xfree86.org","www.freebsd.org"
"structure","www.apache.org"
"struts","www.apache.org"
"study","www.gnu.org"
"stuff","www.apache.org"
"sub","turbine.apache.org"
"subdividing","www.gnu.org"
"subject","www.opensource.org","www.gnu.org","www.xfree86.org","www.apache.org"
"sublicense","www.opensource.org","www.xfree86.org","www.apache.org"
"sublicenses","www.gnu.org"
"sublicensing","www.gnu.org"
"submission","www.apache.org"
"submit","www.apache.org","www.freebsd.org"
"submitted","www.apache.org"
"submitting","www.gnu.org"
"subprograms","www.gnu.org"
"subproject","turbine.apache.org"
"subroutine","www.gnu.org"
"subsection","www.gnu.org"
"subsequent","www.opensource.org"
"subsequently","www.opensource.org","www.apache.org"
"substantial","www.gnu.org"
"substantially","www.gnu.org"
"substitute","www.xfree86.org","www.freebsd.org"
"subversion","www.apache.org"
"such","www.opensource.org","www.gnu.org","www.xfree86.org","www.apache.org","www.freebsd.org"
"sue","www.gnu.org"
"suffice","www.gnu.org"
"sufficient","www.opensource.org"
"suggestions","www.gnu.org"
"sun","www.opensource.org","turbine.apache.org"
"supersede","www.apache.org"
"supersedes","www.opensource.org"
"supplement","www.gnu.org"
"supplier","www.opensource.org"
"support","www.gnu.org","www.opensource.org","turbine.apache.org","www.apache.org","www.freebsd.org"
"supported","turbine.apache.org"
"supporter","www.gnu.org"
"supports","www.gnu.org","turbine.apache.org"
"sure","www.opensource.org","www.gnu.org"
"surrender","www.gnu.org"
"survive","www.opensource.org","www.gnu.org"
"sustained","www.gnu.org"
"svn","www.freebsd.org"
"switched","turbine.apache.org"
"synapse","www.apache.org"
"syntax","www.apache.org"
"system","www.gnu.org","turbine.apache.org"
"systematic","www.gnu.org"
"systems","www.apache.org"
"tag","turbine.apache.org"
"take","www.gnu.org"
"tangible","www.gnu.org"
"tapestry","www.apache.org"
"task","turbine.apache.org"
"tcl","www.apache.org"
"tdk","turbine.apache.org"
"technological","www.gnu.org"
"technologies","turbine.apache.org"
"technology","turbine.apache.org"
"tells","www.gnu.org"
"term","www.opensource.org","www.gnu.org"
"terminal","www.gnu.org"
"terminate","www.opensource.org","www.gnu.org","www.apache.org"
"terminated","www.gnu.org"
"terminates","www.gnu.org"
"termination","www.opensource.org","www.gnu.org"
"terms","www.gnu.org","www.opensource.org","www.apache.org"
"texinfo","www.gnu.org"
"text","www.opensource.org","www.gnu.org","www.xfree86.org","www.apache.org","www.freebsd.org"
"than","www.gnu.org","www.opensource.org"
"thanks","turbine.apache.org","www.apache.org"
"that","www.opensource.org","www.gnu.org","turbine.apache.org","www.apache.org","www.freebsd.org"
"the","www.opensource.org","www.gnu.org","turbine.apache.org","www.xfree86.org","www.apache.org","www.freebsd.org"
"their","www.gnu.org","www.opensource.org","turbine.apache.org","www.apache.org"
"them","www.gnu.org"
"then","www.opensource.org","www.gnu.org","www.apache.org"
"theory","www.opensource.org","www.xfree86.org","www.apache.org","www.freebsd.org"
"there","www.gnu.org"
"therefore","www.gnu.org"
"thereof","www.opensource.org","www.apache.org"
"these","www.gnu.org","turbine.apache.org"
"they","www.gnu.org","www.opensource.org"
"things","www.gnu.org","turbine.apache.org"
"third","www.opensource.org","www.gnu.org"
"thirdparty","www.xfree86.org","www.apache.org"
"this","www.gnu.org","www.opensource.org","turbine.apache.org","www.xfree86.org","www.apache.org","www.freebsd.org"
"those","www.opensource.org","www.gnu.org","www.apache.org","www.freebsd.org"
"though","www.gnu.org"
"threatened","www.gnu.org"
"three","www.gnu.org"
"thrift","www.apache.org"
"through","www.opensource.org","www.gnu.org","www.apache.org"
"thus","www.gnu.org"
"tika","www.apache.org"
"tiles","www.apache.org"
"time","www.opensource.org","www.gnu.org"
"title","www.apache.org"
"to","www.gnu.org","www.opensource.org","turbine.apache.org","www.xfree86.org","www.apache.org","www.freebsd.org"
"tomcat","www.apache.org"
"too","www.gnu.org"
"tool","turbine.apache.org"
"tools","www.gnu.org"
"top","www.gnu.org"
"toplevel","turbine.apache.org"
"torque","turbine.apache.org"
"tort","www.opensource.org","www.xfree86.org","www.apache.org","www.freebsd.org"
"tracking","www.apache.org"
"trade","www.gnu.org","www.apache.org"
"trademark","www.opensource.org","www.gnu.org","www.apache.org"
"trademarks","www.gnu.org","turbine.apache.org","www.apache.org"
"traffic","www.apache.org"
"transaction","www.gnu.org"
"transfer","www.gnu.org","www.apache.org"
"transferred","www.gnu.org"
"transferring","www.gnu.org"
"transformation","www.apache.org"
"translation","www.apache.org"
"translations","www.gnu.org"
"transmission","www.gnu.org"
"travel","www.apache.org"
"treated","www.gnu.org"
"treaty","www.gnu.org"
"try","turbine.apache.org"
"turbine","turbine.apache.org","www.apache.org"
"turbine™","turbine.apache.org"
"tuscany","www.apache.org"
"tutorial","turbine.apache.org"
"two","www.gnu.org","turbine.apache.org"
"type","www.gnu.org"
"types","www.apache.org"
"typical","www.gnu.org"
"uima","www.apache.org"
"unacceptable","www.gnu.org"
"under","www.opensource.org","www.gnu.org","turbine.apache.org","www.apache.org"
"unenforceable","www.opensource.org"
"unilaterally","www.opensource.org"
"union","www.apache.org"
"united","www.opensource.org"
"unless","www.gnu.org","www.opensource.org","www.apache.org"
"unlikely","turbine.apache.org"
"unlimited","www.gnu.org"
"unmodified","www.opensource.org","www.gnu.org"
"unnecessary","www.gnu.org"
"unpacking","www.gnu.org"
"until","www.gnu.org"
"up","www.gnu.org"
"updated","www.gnu.org"
"updates","www.gnu.org"
"upgrade","www.gnu.org"
"upon","www.opensource.org"
"us","www.opensource.org","turbine.apache.org"
"usa","www.gnu.org"
"usable","turbine.apache.org"
"usage","www.opensource.org"
"use","www.gnu.org","www.opensource.org","turbine.apache.org","www.xfree86.org","www.apache.org","www.freebsd.org"
"used","www.gnu.org","www.opensource.org","turbine.apache.org","www.xfree86.org"
"useful","www.gnu.org"
"user","www.opensource.org","www.gnu.org","turbine.apache.org","www.freebsd.org"
"users","www.gnu.org","www.opensource.org","turbine.apache.org"
"uses","www.gnu.org","turbine.apache.org"
"using","www.opensource.org","www.gnu.org","turbine.apache.org","www.apache.org"
"utilization","www.opensource.org"
"v30","www.gnu.org"
"valid","www.gnu.org"
"validation","turbine.apache.org"
"validly","www.opensource.org"
"velocity","turbine.apache.org","www.apache.org"
"vendors","www.freebsd.org"
"venue","www.opensource.org"
"verbal","www.apache.org"
"verbatim","www.gnu.org"
"version","www.opensource.org","www.gnu.org","turbine.apache.org","www.xfree86.org","www.apache.org"
"versions","www.opensource.org","www.gnu.org","turbine.apache.org"
"via","www.gnu.org","turbine.apache.org"
"view","www.gnu.org","turbine.apache.org"
"views","www.freebsd.org"
"violates","www.gnu.org"
"violation","www.gnu.org"
"visible","www.gnu.org"
"void","www.gnu.org"
"volume","www.gnu.org"
"voting","www.apache.org"
"w","www.gnu.org"
"waive","www.gnu.org"
"waiver","www.gnu.org"
"want","www.opensource.org","www.gnu.org"
"warranties","www.gnu.org","www.opensource.org","www.xfree86.org","www.apache.org","www.freebsd.org"
"warranty","www.opensource.org","www.gnu.org","www.apache.org"
"was","www.opensource.org","www.gnu.org","www.apache.org"
"way","www.gnu.org","turbine.apache.org","www.xfree86.org","www.freebsd.org"
"ways","www.gnu.org"
"we","www.gnu.org","turbine.apache.org","www.apache.org"
"web","turbine.apache.org","www.xfree86.org","www.apache.org"
"webmastersgnuorg","www.gnu.org"
"website","turbine.apache.org"
"welcome","www.gnu.org"
"well","www.opensource.org","www.gnu.org","turbine.apache.org"
"were","www.gnu.org"
"what","www.gnu.org"
"whatever","www.gnu.org"
"when","www.opensource.org","www.gnu.org","turbine.apache.org"
"where","www.gnu.org","www.opensource.org","www.apache.org"
"wherever","www.apache.org"
"whether","www.opensource.org","www.gnu.org","www.xfree86.org","www.apache.org","www.freebsd.org"
"which","www.opensource.org","www.gnu.org","turbine.apache.org","www.apache.org"
"while","turbine.apache.org","www.apache.org"
"whirr","www.apache.org"
"who","www.gnu.org","www.opensource.org","turbine.apache.org"
"whole","www.gnu.org","www.apache.org"
"whom","www.opensource.org","www.gnu.org","www.xfree86.org","www.apache.org"
"whose","www.gnu.org"
"why","www.gnu.org"
"wicket","www.apache.org"
"widely","www.gnu.org"
"wiki","turbine.apache.org"
"will","www.opensource.org","www.gnu.org"
"window","www.gnu.org"
"wipo","www.gnu.org"
"wish","www.gnu.org"
"with","www.opensource.org","www.gnu.org","turbine.apache.org","www.xfree86.org","www.apache.org","www.freebsd.org"
"withdraw","www.opensource.org"
"within","www.gnu.org","www.opensource.org","www.apache.org"
"without","www.gnu.org","www.opensource.org","www.xfree86.org","www.apache.org","www.freebsd.org"
"wording","www.opensource.org"
"work","www.gnu.org","www.opensource.org","turbine.apache.org","www.apache.org"
"working","www.gnu.org"
"works","www.opensource.org","www.gnu.org","turbine.apache.org","www.apache.org"
"world","turbine.apache.org"
"worldwide","www.opensource.org","www.gnu.org","www.apache.org"
"would","www.gnu.org","www.opensource.org"
"write","turbine.apache.org"
"writing","www.gnu.org","www.apache.org"
"written","www.opensource.org","www.gnu.org","www.xfree86.org","www.apache.org"
"xalan","www.apache.org"
"xerces","www.apache.org"
"xfree86","www.xfree86.org"
"xmit","www.xfree86.org"
"xml","turbine.apache.org","www.apache.org"
"xmlbeans","www.apache.org"
"xmldefined","turbine.apache.org"
"xmlrpc","turbine.apache.org"
"years","www.gnu.org"
"you","www.opensource.org","www.gnu.org","turbine.apache.org","www.apache.org"
"your","www.opensource.org","www.gnu.org","turbine.apache.org","www.apache.org"
"yourself","www.gnu.org"
"yyyy","www.apache.org"
"zookeeper","www.apache.org"
" ","www.gnu.org","turbine.apache.org"
" 2522277014a1","www.opensource.org"
"©","www.gnu.org","turbine.apache.org","www.apache.org","www.freebsd.org"
"العربية ar","www.gnu.org"
"—","www.opensource.org"
